whoreface,
hobag,
souse,
c-o-c-k,
ni88a,
raunch,
assho1e,
skank,
j3rk0ff,
mtherfucker,
xxx,
peni,
fu<k,
shit,
douche,
smut,
queero,
screwed,
valium,
niggah,
niggas,
areole,
dickish,
pinko,
sodom,
junky,
ahole,
dagos,
whorehopper,
wench,
fucktard,
fuckup,
h0mo,
gey,
c00n,
aeolus,
slutdumper,
ni88@,
t1t,
scum,
fuck,
cummy,
kkk,
yeasty,
jerkoff,
shits,
raper,
abortion,
anus,
masterbate,
{um,
assfucker,
twats,
prude,
negro,
f-u-c-k,
cocks,
sissy,
arian,
â„•ð•šð•˜ð•˜ð•’,
trashy,
booger,
pedophilia,
vulva,
clitoris,
titty,
ejaculate,
herpy,
beastiality,
spiks,
nad,
jackhole,
weirdo,
dickbag,
nlgga,
fuckface,
strip,
tinkle,
buttfucker,
honky,
kikes,
nappy,
pantie,
Å¡ex,
doosh,
slurs,
seamen,
gigolo,
c.0.c.k,
weewee,
pimp,
coon,
wanker,
faigt,
jackass,
drunk,
pedophile,
sh1t,
cl1t,
beater,
areola,
semen,
sperm,
hore,
d0ng,
fucking,
dummy,
godamnit,
sluts,
kyke,
s!ut,
hookah,
muffdiver,
queef,
cameltoe,
d1ld0,
shitty,
nude,
cuntface,
tampon,
f@g,
sniper,
muthafuckaz,
nigg,
bitchy,
jiz,
ass,
êœ°á´œá´„á´‹á´‡Ê€,
spick,
assmaster,
suicide,
goddamn,
bullturds,
rapist,
gonad,
mutherfucking,
azazel,
câ€¢ck,
jap,
mthrfucking,
creampied,
toots,
reich,
cunt,
testis,
fuck-tard,
bigtits,
bltch,
weed,
tittiefucker,
bosom,
pussy,
borderjumper,
goatse,
quim,
hÂ°e,
câ€¢â€¢n,
skag,
åƒã„©åŒšÒä¹‡å°º,
pecker,
cum,
fag,
chincs,
dong,
ovums,
faig,
leper,
polack,
kootch,
testicle,
whored,
douchey,
nazism,
lez,
Ð¿igga,
b!itch,
bitch,
bollocks,
wehangtheblacks,
moron,
fellatio,
sleaze,
whorealicious,
s-h-1-t,
nÒ‰iÒ‰gÒ‰gÒ‰aÒ‰,
rectus,
creampie,
bookie,
gays,
vag,
heroin,
d0uch3,
hiv,
coital,
orgasm,
(um,
crackwhore,
inbred,
dicksipper,
fvck,
kinky,
fagg,
corksucker,
condom,
sadism,
p3ni,
fagged,
jizz,
pornography,
whoralicious,
jism,
dipship,
stiffy,
naked,
sex,
gfy,
penetrate,
Å„Ã¯ggÃ£,
fÍŸuÍŸcÍŸkÍŸeÍŸrÍŸ,
fuk,
breast,
weiner,
nooky,
pubis,
fartknocker,
rtard,
lesbos,
assbanged,
shithouse,
faggot,
japs,
d0uche,
buttplug,
bjtch,
reefer,
jerked,
gspot,
wazoo,
transsexual,
ho3,
pussypounder,
hooker,
weenie,
sexual,
hoe,
cracker,
douchebag,
pube,
schlong,
$ex,
schizo,
rimjob,
slave,
cuntlick,
clitorus,
knobend,
homo,
clit,
niglet,
m-fucking,
nipple,
Ã±Ã®gga,
cottonpicker,
b00b!â‚¬$,
tard,
butt,
undies,
cumslut,
scrotum,
(oon,
hardon,
fudgepacker,
sumofabiatch,
Ã¦ss,
kneegrow,
coomshot,
fondle,
fags,
bollock,
phalli,
chodes,
fuckin,
cawk,
gtfo,
ðŸ…ðŸ…˜ðŸ…–ðŸ…–ðŸ…,
assbang,
opium,
barf,
g-spot,
scrote,
wigger,
piss,
[oom,
bastard,
á‘Žiggá—©á”•,
goldenshower,
scag,
boobs,
porno,
beanner,
cunny,
breasts,
a55,
damnit,
jizzed,
freex,
cunilingus,
paki,
fÌ¸uÌ¸cÌ¸kÌ¸eÌ¸rÌ¸,
biatch,
bosomy,
cock,
prig,
tit,
bung,
phallic,
wop,
fÃ¼Ã§kÄ™r,
tittyfucker,
aryan,
damned,
thug,
dickweed,
ganja,
fubar,
gae,
punky,
dick-ish,
jizm,
piss-off,
boner,
lube,
(00n,
voyeur,
floozy,
jerk,
feltch,
s-o-b,
niggers,
twat,
fack,
cockblock,
nig8a,
douch3,
felching,
goddam,
oral,
queer,
dildo,
asses,
puss,
cummin,
cockholster,
kys,
å‡ ä¸¨ê®†ê®†å‚,
scrog,
feltcher,
fellate,
nimrod,
shiz,
penile,
frigg,
wetback,
motherfucking,
retarded,
doofus,
h03,
assfuck,
dickheads,
fucker,
fucks,
prick,
nigga,
scrud,
å‡ ä¸¨ê®†ê®†å‚ä¸‚,
bastards,
vodka,
cunthunter,
felcher,
cuntlicker,
he11,
dumbass,
turd,
kooch,
foreskin,
nazi,
kill,
nympho,
rectum,
reetard,
snatch,
chink,
wang,
humping,
blowjobs,
teat,
booty,
peyote,
lezzie,
pee,
fuâ‚¬k,
urine,
penis,
dumass,
ðŸ…½ðŸ…¸ðŸ…¶ðŸ…¶ðŸ…°,
hootch,
menstruation,
wedgie,
dickripper,
boozer,
clitty,
frigga,
whitey,
dawgie-style,
peepee,
gonads,
penial,
titties,
uzi,
fucknugget,
hell,
vomit,
dickhead,
muthafucker,
ghay,
fuckass,
queers,
dickface,
azz,
boobies,
vaj,
virgin,
bootie,
cocaine,
tits,
labia,
felch,
spooge,
assmunch,
ð’‡uð–¢k,
erotic,
d1ck,
tramp,
masterbation,
n|gga,
gangbanger,
fucknut,
dyke,
s-h-i-t,
bitches,
shithead,
knegro,
beardedclam,
nÂ¡gga,
cumshots,
zoophile,
revue,
blowjob,
vixen,
yobbo,
orgy,
seaman,
niggaz,
herp,
fagot,
a$$hole,
homoey,
gooks,
queaf,
heeb,
beotch,
pubic,
ghey,
pussies,
jerk0ff,
viagra,
kike,
bullshitted,
b00b$,
gay,
sâ‚¬x,
mthrfucker,
penetration,
ovary,
nÍ¡iÍ¡gÍ¡gÍ¡aÍ¡,
junkie,
smutty,
dick,
shitted,
n!gga,
scrot,
porn,
clits,
massa,
smegma,
nl55a,
ritard,
$3x,
godamn,
panty,
pastie,
lezzies,
rape,
shiteater,
buttfuck,
dickdipper,
dickflipper,
hump,
stroke,
cÂ°Â°n,
lech,
paddy,
racy,
assh0le,
opiate,
rum,
fxck,
@55,
á–´á‘Œá‘•kiá‘Žg,
fisting,
climax,
dickzipper,
fisty,
punkass,
crabs,
lesbians,
vagina,
c.o.c.k.,
pissoff,
fuckwit,
slvt,
f.u.c.k,
fu{k,
steamy,
a$$,
masturbating,
ðŸ„½ðŸ„¸ðŸ„¶ðŸ„¶ðŸ„°,
cocksmoker,
seduce,
moolie,
fuckwad,
chode,
fÌ¶uÌ¶cÌ¶kÌ¶eÌ¶rÌ¶,
sivt,
h0e,
bawdy,
s0b,
poon,
â“â“˜â“–â“–â“,
$hit,
herpes,
perversion,
crack,
tubgirl,
napalm,
terd,
c0ck,
hom0,
orally,
åƒã„©åŒšÒä¸¨å‡ ê®†,
ruski,
molest,
mutherfucker,
shitter,
fisted,
urinal,
s.h.i.t.,
whiz,
niggle,
c.u.n.t,
pedophiliac,
r-tard,
bullshit,
muff,
hymen,
stoned,
douchebags,
dillweed,
whorehouse,
whore,
quicky,
fuckoff,
lezbo,
dickwhipper,
nads,
testes,
gai,
ovum,
cunnilingus,
á‘Žiggá—©,
pillowbiter,
slut,
nigger,
suck,
diligaf,
dykes,
bukkake,
hoor,
poontang,
(0on,
booby,
sadist,
damn,
horny,
rumprammer,
câˆžn,
knigger,
bullshits,
bitched,
slutkiss,
boob,
boned,
beeyotch,
booze,
essohbee,
crappy,
crap,
asswipe,
jackoff,
lynch,
humped,
uterus,
cunts,
enlargement,
motherfucka,
hooch,
murder,
teabagging,
coom,
cervix,
retard,
sucking,
wh0re,
vulgar,
$!ut,
beatch,
asshole,
erect,
masturbate,
lezbian,
snuff,
anal,
klan,
menstruate,
shitt,
beaner,
as$,
asswipes,
cocain,
dago,
panties,
cummins,
fÃ¼Äk,
goddammit,
carpetmuncher,
motherfucker,
bimbo,
wegangbanger,
stfu,
erection,
dammit,
Ã±igga,
cumstain,
bootee,
assbangs,
pollock,
hussy,
muthrfucking,
wad,
shitface,
asshat,
handjob,
pms,
spic,
bollok,
tawdry,
cahone,
unwed,
assholes,
hebe,
shamedame,
brassiere,
boozy,
pissed,
boners,
phuck,
tush,
kooches,
prostitute,
sleazy,
wh0reface,
c-0-c-k,
orgies,
teste,
raped,
testee,
fv(k,
gook,
analprobe,
@ss,
fucked,
nÌ¶iÌ¶gÌ¶gÌ¶aÌ¶,
stupid,
beaver,
cumming,
lezbos,
dimwit,
dopey,
toke,
hemp,
foad,
diddle,
ugly,
c-u-n-t,
meth,
anilingus,
pemis,
cocksucker,
masterbating,
glans,
coons,
wank,
d1ldo,
spunk,
igga,
pcp,
kms,
potty,
busty,
lezzy,
whores,
x-rated,
dildos,
deepthroat,
whoring,
pasty,
puto,
pedo,
hooters,
fannybandit,
guido,
menses,
p.u.s.s.y.,
cumshot,
(o0n,
rectal,
cockknocker,
mofo,
screw,
bra,
incest,
s.o.b.,
titfuck,
maxi,
(um$!ut,
njgga,
wh0r3,
ballsack,
wtf,
chinc,
dike,
spik,
hooter,
kraut,
b1tch,
lezbians,
shithole,
a$s,
faggit,
masturbation,
scantily,
nudes,
pot,
injun,
h0m0,
lesbo,
orgasmic,
shite,
a55hole,
á”•,
bong,
$lut,
di(k,
sucked,
knegrow,
kneegro,
dumbasses,
b00b,
soused,
tittyfuck,
doggy-style,
doggie-style,
titi,
bugger,
